{"cameraMode":{"drawMode":0,"name":"Shaded","section":"Shading Mode"},"sceneLighting":false,"audioPlay":false,"sceneViewState":{"m_AlwaysRefresh":false,"showFog":true,"showSkybox":false,"showFlares":true,"showImageEffects":true,"showParticleSystems":true,"showVisualEffectGraphs":true,"m_FxEnabled":true},"in2DMode":false,"pivot":{"x":0.004961565136909485,"y":0.5154746174812317,"z":-0.0798504650592804},"rotation":{"x":-0.02213132195174694,"y":0.8358299136161804,"z":0.03378680348396301,"w":0.5474942922592163},"size":0.4415556788444519,"orthographic":false}